day_num,value,day
-0.22075,8.1542,2022-07-12 18:42:07.200000000
-0.22075,8.06315,2022-07-12 18:42:07.200000000
-0.18432,7.98349,2022-07-12 19:34:34.752000000
-0.11146,7.8583,2022-07-12 21:19:29.856000000
-0.07503,7.74449,2022-07-12 22:11:57.408000000
-0.07503,7.65345,2022-07-12 22:11:57.408000000
-0.0386,7.57378,2022-07-12 23:04:24.960000000
0.03426,7.44859,2022-07-13 00:49:20.064000000
0.10712,7.31202,2022-07-13 02:34:15.168000000
0.14355,7.19822,2022-07-13 03:26:42.720000000
0.17998,7.11855,2022-07-13 04:19:10.272000000
0.26498,7.01613,2022-07-13 06:21:34.272000000
0.21641,6.94784,2022-07-13 05:11:37.824000000
0.39856,7.12993,2022-07-13 09:33:55.584000000
0.47142,7.43721,2022-07-13 11:18:50.688000000
0.43499,7.33479,2022-07-13 10:26:23.136000000
0.43499,7.24374,2022-07-13 10:26:23.136000000
0.54428,7.71035,2022-07-13 13:03:45.792000000
0.50785,7.60792,2022-07-13 12:11:18.240000000
0.50785,7.51688,2022-07-13 12:11:18.240000000
0.61715,7.8014,2022-07-13 14:48:41.760000000
0.69001,7.89244,2022-07-13 16:33:36.864000000
0.83573,7.8583,2022-07-13 20:03:27.072000000
0.87216,7.74449,2022-07-13 20:55:54.624000000
0.87216,7.65345,2022-07-13 20:55:54.624000000
0.90859,7.57378,2022-07-13 21:48:22.176000000
0.94502,7.47136,2022-07-13 22:40:49.728000000
0.98145,7.39169,2022-07-13 23:33:17.280000000
1.01788,7.28926,2022-07-14 00:25:44.832000000
1.01788,7.19822,2022-07-14 00:25:44.832000000
1.05431,7.08441,2022-07-14 01:18:12.384000000
1.09074,6.9706,2022-07-14 02:10:39.936000000
1.09074,6.87956,2022-07-14 02:10:39.936000000
1.12717,6.79989,2022-07-14 03:03:07.488000000
1.1636,6.69746,2022-07-14 03:55:35.040000000
1.1636,6.60642,2022-07-14 03:55:35.040000000
1.20003,6.52675,2022-07-14 04:48:02.592000000
1.34575,6.6747,2022-07-14 08:17:52.800000000
1.30932,6.5609,2022-07-14 07:25:25.248000000
1.30932,6.49261,2022-07-14 07:25:25.248000000
1.41861,6.90232,2022-07-14 10:02:47.904000000
1.38218,6.78851,2022-07-14 09:10:20.352000000
1.49148,7.22098,2022-07-14 11:47:43.872000000
1.45504,7.10717,2022-07-14 10:55:15.456000000
1.45504,7.01613,2022-07-14 10:55:15.456000000
1.56434,7.34617,2022-07-14 13:32:38.975999999
1.6372,7.63069,2022-07-14 15:17:34.080000000
1.60077,7.51688,2022-07-14 14:25:06.528000000
1.60077,7.42583,2022-07-14 14:25:06.528000000
1.71006,7.74449,2022-07-14 17:02:29.184000000
1.74649,7.65345,2022-07-14 17:54:56.736000000
1.78292,7.53964,2022-07-14 18:47:24.287999999
1.85578,7.40307,2022-07-14 20:32:19.392000000
1.92864,7.30064,2022-07-14 22:17:14.496000000
1.96507,7.19822,2022-07-14 23:09:42.048000000
1.96507,7.10717,2022-07-14 23:09:42.048000000
2.0015,7.02751,2022-07-15 00:02:09.600000000
2.03793,6.92508,2022-07-15 00:54:37.152000000
2.07436,6.81127,2022-07-15 01:47:04.704000000
2.14722,6.70885,2022-07-15 03:31:59.808000000
2.22008,6.58366,2022-07-15 05:16:54.912000000
2.36581,6.70885,2022-07-15 08:46:45.984000000
2.32938,6.60642,2022-07-15 07:54:18.432000000
2.43867,6.81127,2022-07-15 10:31:41.088000000
2.51153,7.03889,2022-07-15 12:16:36.192000000
2.4751,6.92508,2022-07-15 11:24:08.640000000
2.58439,7.25512,2022-07-15 14:01:31.296000000
2.54796,7.15269,2022-07-15 13:09:03.744000000
2.65725,7.43721,2022-07-15 15:46:26.400000000
2.62082,7.33479,2022-07-15 14:53:58.848000000
2.73011,7.53964,2022-07-15 17:31:21.504000000
2.8394,7.5624,2022-07-15 20:08:44.160000000
2.87583,7.48274,2022-07-15 21:01:11.712000000
2.91226,7.38031,2022-07-15 21:53:39.264000000
2.94869,7.2665,2022-07-15 22:46:06.816000000
3.02155,7.16408,2022-07-16 00:31:01.920000000
3.05798,7.06165,2022-07-16 01:23:29.472000000
3.09441,6.98198,2022-07-16 02:15:57.023999999
3.16727,6.85679,2022-07-16 04:00:52.128000000
3.24014,6.76575,2022-07-16 05:45:48.096000000
3.38586,6.76575,2022-07-16 09:15:38.304000000
3.45872,6.89094,2022-07-16 11:00:33.408000000
3.53158,7.08441,2022-07-16 12:45:28.512000000
3.49515,6.9706,2022-07-16 11:53:00.960000000
3.60444,7.2096,2022-07-16 14:30:23.616000000
3.6773,7.49412,2022-07-16 16:15:18.720000000
3.64087,7.38031,2022-07-16 15:22:51.168000000
3.64087,7.28926,2022-07-16 15:22:51.168000000
3.75016,7.71035,2022-07-16 18:00:13.824000000
3.71373,7.60792,2022-07-16 17:07:46.272000000
3.89588,7.67621,2022-07-16 21:30:04.032000000
3.96874,7.53964,2022-07-16 23:14:59.136000000
4.00517,7.42583,2022-07-17 00:07:26.688000000
4.04161,7.34617,2022-07-17 00:59:55.104000000
4.11447,7.22098,2022-07-17 02:44:50.208000000
4.26019,7.15269,2022-07-17 06:14:40.415999999
4.26019,7.08441,2022-07-17 06:14:40.415999999
4.40591,7.31202,2022-07-17 09:44:30.624000000
4.36948,7.19822,2022-07-17 08:52:03.071999999
4.47877,7.43721,2022-07-17 11:29:25.728000000
4.55163,7.63069,2022-07-17 13:14:20.831999999
4.5152,7.51688,2022-07-17 12:21:53.280000000
4.62449,7.84692,2022-07-17 14:59:15.936000000
4.58806,7.74449,2022-07-17 14:06:48.384000000
4.69735,7.93797,2022-07-17 16:44:11.040000000
4.80664,7.92659,2022-07-17 19:21:33.696000000
4.84307,7.84692,2022-07-17 20:14:01.248000000
4.91594,7.72173,2022-07-17 21:58:57.216000000
4.95237,7.60792,2022-07-17 22:51:24.768000000
4.9888,7.52826,2022-07-17 23:43:52.320000000
5.06166,7.43721,2022-07-18 01:28:47.424000000
5.09809,7.33479,2022-07-18 02:21:14.976000000
5.13452,7.22098,2022-07-18 03:13:42.528000000
5.20738,7.08441,2022-07-18 04:58:37.632000000
5.3531,7.07303,2022-07-18 08:28:27.840000000
5.42596,7.16408,2022-07-18 10:13:22.944000000
5.57168,7.67621,2022-07-18 13:43:13.152000000
5.64454,7.81278,2022-07-18 15:28:08.256000000
5.79027,7.81278,2022-07-18 18:57:59.328000000
5.8267,7.69897,2022-07-18 19:50:26.880000000
5.8267,7.60792,2022-07-18 19:50:26.880000000
5.86313,7.52826,2022-07-18 20:42:54.432000000
5.93599,7.43721,2022-07-18 22:27:49.536000000
5.97242,7.33479,2022-07-18 23:20:17.088000000
6.00885,7.25512,2022-07-19 00:12:44.640000000
6.04528,7.15269,2022-07-19 01:05:12.192000000
6.08171,7.03889,2022-07-19 01:57:39.744000000
6.11814,6.92508,2022-07-19 02:50:07.296000000
6.15457,6.84541,2022-07-19 03:42:34.848000000
6.22743,6.77713,2022-07-19 05:27:29.952000000
6.37315,6.93646,2022-07-19 08:57:20.160000000
6.33672,6.83403,2022-07-19 08:04:52.608000000
6.44601,7.22098,2022-07-19 10:42:15.264000000
6.40958,7.10717,2022-07-19 09:49:47.712000000
6.40958,7.01613,2022-07-19 09:49:47.712000000
6.51887,7.34617,2022-07-19 12:27:10.368000000
6.59173,7.63069,2022-07-19 14:12:05.472000000
6.5553,7.51688,2022-07-19 13:19:37.920000000
6.5553,7.42583,2022-07-19 13:19:37.920000000
6.6646,7.75587,2022-07-19 15:57:01.440000000
6.73746,7.83554,2022-07-19 17:41:56.544000000
6.84675,7.79002,2022-07-19 20:19:19.200000000
6.84675,7.69897,2022-07-19 20:19:19.200000000
6.88318,7.58516,2022-07-19 21:11:46.752000000
6.91961,7.47136,2022-07-19 22:04:14.304000000
6.95604,7.35755,2022-07-19 22:56:41.856000000
6.99247,7.24374,2022-07-19 23:49:09.408000000
6.99247,7.15269,2022-07-19 23:49:09.408000000
6.99247,7.06165,2022-07-19 23:49:09.408000000
7.0289,6.98198,2022-07-20 00:41:36.960000000
7.06533,6.87956,2022-07-20 01:34:04.512000000
7.10176,6.79989,2022-07-20 02:26:32.064000000
7.13819,6.69746,2022-07-20 03:18:59.616000000
7.13819,6.60642,2022-07-20 03:18:59.616000000
7.13819,6.51537,2022-07-20 03:18:59.616000000
7.17462,6.43571,2022-07-20 04:11:27.168000000
7.24748,6.33328,2022-07-20 05:56:22.272000000
7.24748,6.265,2022-07-20 05:56:22.272000000
7.32034,6.44709,2022-07-20 07:41:17.376000000
7.3932,6.58366,2022-07-20 09:26:12.480000000
7.46606,7.08441,2022-07-20 11:11:07.584000000
7.42963,6.9706,2022-07-20 10:18:40.032000000
7.42963,6.87956,2022-07-20 10:18:40.032000000
7.42963,6.78851,2022-07-20 10:18:40.032000000
7.42963,6.69746,2022-07-20 10:18:40.032000000
7.53893,7.57378,2022-07-20 12:56:03.552000000
7.5025,7.47136,2022-07-20 12:03:35.999999999
7.5025,7.38031,2022-07-20 12:03:35.999999999
7.5025,7.28926,2022-07-20 12:03:35.999999999
7.5025,7.19822,2022-07-20 12:03:35.999999999
7.61179,8.04039,2022-07-20 14:40:58.655999999
7.57536,7.92659,2022-07-20 13:48:31.104000000
7.57536,7.83554,2022-07-20 13:48:31.104000000
7.57536,7.74449,2022-07-20 13:48:31.104000000
7.57536,7.65345,2022-07-20 13:48:31.104000000
7.68465,8.1542,2022-07-20 16:25:53.760000000
7.75751,8.07454,2022-07-20 18:10:48.864000000
7.83037,7.98349,2022-07-20 19:55:43.968000000
7.8668,7.88106,2022-07-20 20:48:11.520000000
7.8668,7.79002,2022-07-20 20:48:11.520000000
7.8668,7.69897,2022-07-20 20:48:11.520000000
7.90323,7.58516,2022-07-20 21:40:39.072000000
7.93966,7.47136,2022-07-20 22:33:06.624000000
7.93966,7.38031,2022-07-20 22:33:06.624000000
7.97609,7.30064,2022-07-20 23:25:34.176000000
8.01252,7.19822,2022-07-21 00:18:01.728000000
8.01252,7.10717,2022-07-21 00:18:01.728000000
8.01252,7.01613,2022-07-21 00:18:01.728000000
8.01252,6.92508,2022-07-21 00:18:01.728000000
8.04895,6.84541,2022-07-21 01:10:29.280000000
8.08538,6.74299,2022-07-21 02:02:56.832000000
8.08538,6.65194,2022-07-21 02:02:56.832000000
8.08538,6.5609,2022-07-21 02:02:56.832000000
8.12181,6.48123,2022-07-21 02:55:24.384000000
8.15824,6.3788,2022-07-21 03:47:51.936000000
8.15824,6.28776,2022-07-21 03:47:51.936000000
8.15824,6.19671,2022-07-21 03:47:51.936000000
8.15824,6.10567,2022-07-21 03:47:51.936000000
8.19467,5.99186,2022-07-21 04:40:19.488000000
8.26753,5.90081,2022-07-21 06:25:14.592000000
8.3404,5.99186,2022-07-21 08:10:10.560000000
8.41326,6.48123,2022-07-21 09:55:05.664000000
8.37683,6.3788,2022-07-21 09:02:38.112000000
8.37683,6.28776,2022-07-21 09:02:38.112000000
8.37683,6.19671,2022-07-21 09:02:38.112000000
8.37683,6.10567,2022-07-21 09:02:38.112000000
8.48612,7.02751,2022-07-21 11:40:00.768000000
8.44969,6.92508,2022-07-21 10:47:33.216000000
8.44969,6.83403,2022-07-21 10:47:33.216000000
8.44969,6.74299,2022-07-21 10:47:33.216000000
8.44969,6.65194,2022-07-21 10:47:33.216000000
8.44969,6.5609,2022-07-21 10:47:33.216000000
8.63184,7.76725,2022-07-21 15:09:50.976000000
8.59541,7.65345,2022-07-21 14:17:23.424000000
8.7047,7.88106,2022-07-21 16:54:46.080000000
8.74113,7.79002,2022-07-21 17:47:13.632000000
8.74113,7.69897,2022-07-21 17:47:13.632000000
8.74113,7.60792,2022-07-21 17:47:13.632000000
8.77756,7.49412,2022-07-21 18:39:41.184000000
8.81399,7.38031,2022-07-21 19:32:08.736000000
8.81399,7.28926,2022-07-21 19:32:08.736000000
8.85042,7.17546,2022-07-21 20:24:36.288000000
8.88685,7.06165,2022-07-21 21:17:03.840000000
8.88685,6.9706,2022-07-21 21:17:03.840000000
8.88685,6.87956,2022-07-21 21:17:03.840000000
8.88685,6.78851,2022-07-21 21:17:03.840000000
8.92328,6.70885,2022-07-21 22:09:31.392000000
8.95971,6.60642,2022-07-21 23:01:58.944000000
8.95971,6.51537,2022-07-21 23:01:58.944000000
8.99614,6.43571,2022-07-21 23:54:26.496000000
9.03257,6.33328,2022-07-22 00:46:54.048000000
9.03257,6.24223,2022-07-22 00:46:54.048000000
9.069,6.12843,2022-07-22 01:39:21.600000000
9.10543,6.01462,2022-07-22 02:31:49.152000000
9.14186,5.93495,2022-07-22 03:24:16.704000000
9.17829,5.83253,2022-07-22 04:16:44.256000000
9.21473,5.71872,2022-07-22 05:09:12.672000000
9.29973,5.6125,2022-07-22 07:11:36.672000000
9.36045,5.94633,2022-07-22 08:39:02.880000000
9.32402,5.83253,2022-07-22 07:46:35.327999999
9.32402,5.74148,2022-07-22 07:46:35.327999999
9.43331,6.16257,2022-07-22 10:23:57.984000000
9.39688,6.06014,2022-07-22 09:31:30.432000000
9.50617,6.72023,2022-07-22 12:08:53.088000000
9.46974,6.60642,2022-07-22 11:16:25.536000000
9.46974,6.51537,2022-07-22 11:16:25.536000000
9.46974,6.42433,2022-07-22 11:16:25.536000000
9.46974,6.33328,2022-07-22 11:16:25.536000000
9.46974,6.24223,2022-07-22 11:16:25.536000000
9.57903,7.12993,2022-07-22 13:53:48.192000000
9.5426,7.01613,2022-07-22 13:01:20.640000000
9.5426,6.92508,2022-07-22 13:01:20.640000000
9.5426,6.83403,2022-07-22 13:01:20.640000000
9.65189,7.43721,2022-07-22 15:38:43.296000000
9.61546,7.33479,2022-07-22 14:46:15.744000000
9.61546,7.24374,2022-07-22 14:46:15.744000000
9.72475,7.52826,2022-07-22 17:23:38.400000000
9.79761,7.60792,2022-07-22 19:08:33.504000000
9.83404,7.51688,2022-07-22 20:01:01.056000000
9.87047,7.40307,2022-07-22 20:53:28.608000000
9.9069,7.28926,2022-07-22 21:45:56.160000000
9.9069,7.19822,2022-07-22 21:45:56.160000000
9.9069,7.10717,2022-07-22 21:45:56.160000000
9.94333,7.02751,2022-07-22 22:38:23.712000000
9.97976,6.92508,2022-07-22 23:30:51.264000000
10.01619,6.81127,2022-07-23 00:23:18.816000000
10.05263,6.69746,2022-07-23 01:15:47.232000000
10.05263,6.60642,2022-07-23 01:15:47.232000000
10.05263,6.51537,2022-07-23 01:15:47.232000000
10.08906,6.40156,2022-07-23 02:08:14.784000000
10.12549,6.28776,2022-07-23 03:00:42.336000000
10.12549,6.19671,2022-07-23 03:00:42.336000000
10.16192,6.11705,2022-07-23 03:53:09.888000000
10.23478,6.03738,2022-07-23 05:38:04.992000000
10.3805,6.12843,2022-07-23 09:07:55.200000000
10.34407,6.03738,2022-07-23 08:15:27.648000000
10.45336,6.52675,2022-07-23 10:52:50.304000000
10.41693,6.42433,2022-07-23 10:00:22.752000000
10.41693,6.33328,2022-07-23 10:00:22.752000000
10.41693,6.24223,2022-07-23 10:00:22.752000000
10.52622,6.98198,2022-07-23 12:37:45.408000000
10.48979,6.87956,2022-07-23 11:45:17.856000000
10.48979,6.78851,2022-07-23 11:45:17.856000000
10.48979,6.69746,2022-07-23 11:45:17.856000000
10.48979,6.60642,2022-07-23 11:45:17.856000000
10.59908,7.08441,2022-07-23 14:22:40.511999999
10.67194,7.57378,2022-07-23 16:07:35.616000000
10.63551,7.47136,2022-07-23 15:15:08.064000000
10.63551,7.38031,2022-07-23 15:15:08.064000000
10.63551,7.28926,2022-07-23 15:15:08.064000000
10.63551,7.19822,2022-07-23 15:15:08.064000000
10.7448,7.83554,2022-07-23 17:52:30.720000000
10.7448,7.74449,2022-07-23 17:52:30.720000000
10.70837,7.65345,2022-07-23 17:00:03.168000000
10.85409,7.69897,2022-07-23 20:29:53.376000000
10.85409,7.60792,2022-07-23 20:29:53.376000000
10.89052,7.52826,2022-07-23 21:22:20.928000000
10.92696,7.42583,2022-07-23 22:14:49.344000000
10.96339,7.34617,2022-07-23 23:07:16.896000000
10.99982,7.24374,2022-07-23 23:59:44.448000000
10.99982,7.15269,2022-07-23 23:59:44.448000000
11.03625,7.03889,2022-07-24 00:52:12.000000000
11.07268,6.92508,2022-07-24 01:44:39.552000000
11.07268,6.83403,2022-07-24 01:44:39.552000000
11.10911,6.75437,2022-07-24 02:37:07.104000000
11.18197,6.66332,2022-07-24 04:22:02.208000000
11.25483,6.58366,2022-07-24 06:06:57.312000000
11.32769,6.75437,2022-07-24 07:51:52.416000000
11.29126,6.65194,2022-07-24 06:59:24.864000000
11.40055,7.2096,2022-07-24 09:36:47.520000000
11.36412,7.10717,2022-07-24 08:44:19.968000000
11.36412,7.01613,2022-07-24 08:44:19.968000000
11.36412,6.92508,2022-07-24 08:44:19.968000000
11.36412,6.83403,2022-07-24 08:44:19.968000000
11.47341,7.48274,2022-07-24 11:21:42.624000000
11.43698,7.38031,2022-07-24 10:29:15.072000000
11.43698,7.28926,2022-07-24 10:29:15.072000000
11.54627,8.04039,2022-07-24 13:06:37.728000000
11.50984,7.92659,2022-07-24 12:14:10.176000000
11.50984,7.83554,2022-07-24 12:14:10.176000000
11.50984,7.74449,2022-07-24 12:14:10.176000000
11.50984,7.65345,2022-07-24 12:14:10.176000000
11.50984,7.5624,2022-07-24 12:14:10.176000000
11.61913,8.4501,2022-07-24 14:51:32.832000000
11.5827,8.33629,2022-07-24 13:59:05.280000000
11.5827,8.24525,2022-07-24 13:59:05.280000000
11.5827,8.1542,2022-07-24 13:59:05.280000000
11.69199,8.66633,2022-07-24 16:36:27.936000000
11.65556,8.56391,2022-07-24 15:44:00.384000000
11.80129,8.65495,2022-07-24 19:13:51.455999999
11.80129,8.56391,2022-07-24 19:13:51.455999999
11.80129,8.47286,2022-07-24 19:13:51.455999999
11.83772,8.35905,2022-07-24 20:06:19.008000000
11.87415,8.24525,2022-07-24 20:58:46.560000000
11.87415,8.1542,2022-07-24 20:58:46.560000000
11.87415,8.06315,2022-07-24 20:58:46.560000000
11.91058,7.94935,2022-07-24 21:51:14.112000000
11.94701,7.83554,2022-07-24 22:43:41.664000000
11.94701,7.74449,2022-07-24 22:43:41.664000000
11.94701,7.65345,2022-07-24 22:43:41.664000000
11.98344,7.57378,2022-07-24 23:36:09.216000000
12.0563,7.48274,2022-07-25 01:21:04.320000000
12.09273,7.38031,2022-07-25 02:13:31.872000000
12.09273,7.28926,2022-07-25 02:13:31.872000000
12.09273,7.19822,2022-07-25 02:13:31.872000000
12.12916,7.08441,2022-07-25 03:05:59.424000000
12.20202,6.9706,2022-07-25 04:50:54.528000000
12.23845,6.90232,2022-07-25 05:43:22.080000000
12.34774,7.11855,2022-07-25 08:20:44.736000000
12.31131,7.01613,2022-07-25 07:28:17.183999999
12.4206,7.49412,2022-07-25 10:05:39.840000000
12.38417,7.38031,2022-07-25 09:13:12.288000000
12.38417,7.28926,2022-07-25 09:13:12.288000000
12.38417,7.19822,2022-07-25 09:13:12.288000000
12.49346,7.98349,2022-07-25 11:50:34.944000000
12.45703,7.88106,2022-07-25 10:58:07.392000000
12.45703,7.79002,2022-07-25 10:58:07.392000000
12.45703,7.69897,2022-07-25 10:58:07.392000000
12.45703,7.60792,2022-07-25 10:58:07.392000000
12.56632,8.4501,2022-07-25 13:35:30.048000000
12.52989,8.33629,2022-07-25 12:43:02.496000000
12.52989,8.24525,2022-07-25 12:43:02.496000000
12.52989,8.1542,2022-07-25 12:43:02.496000000
12.52989,8.06315,2022-07-25 12:43:02.496000000
12.63919,8.67772,2022-07-25 15:20:26.016000000
12.60275,8.56391,2022-07-25 14:27:57.600000000
12.71205,8.79152,2022-07-25 17:05:21.120000000
12.74848,8.70048,2022-07-25 17:57:48.672000000
12.78491,8.62081,2022-07-25 18:50:16.224000000
12.82134,8.51838,2022-07-25 19:42:43.776000000
12.82134,8.42734,2022-07-25 19:42:43.776000000
12.82134,8.33629,2022-07-25 19:42:43.776000000
12.82134,8.24525,2022-07-25 19:42:43.776000000
12.82134,8.1542,2022-07-25 19:42:43.776000000
12.82134,8.06315,2022-07-25 19:42:43.776000000
12.85777,7.94935,2022-07-25 20:35:11.328000000
12.8942,7.83554,2022-07-25 21:27:38.880000000
12.8942,7.74449,2022-07-25 21:27:38.880000000
12.93063,7.63069,2022-07-25 22:20:06.432000000
12.96706,7.51688,2022-07-25 23:12:33.984000000
12.96706,7.42583,2022-07-25 23:12:33.984000000
13.00349,7.34617,2022-07-26 00:05:01.536000000
13.03992,7.24374,2022-07-26 00:57:29.087999999
13.03992,7.15269,2022-07-26 00:57:29.087999999
13.03992,7.06165,2022-07-26 00:57:29.087999999
13.07635,6.94784,2022-07-26 01:49:56.640000000
13.11278,6.83403,2022-07-26 02:42:24.192000000
13.11278,6.74299,2022-07-26 02:42:24.192000000
13.14921,6.66332,2022-07-26 03:34:51.744000000
13.29493,6.6178,2022-07-26 07:04:41.952000000
13.44065,6.77713,2022-07-26 10:34:32.160000000
13.51352,6.90232,2022-07-26 12:19:28.128000000
13.58638,7.12993,2022-07-26 14:04:23.232000000
13.54995,7.01613,2022-07-26 13:11:55.680000000
13.65924,7.35755,2022-07-26 15:49:18.336000000
13.62281,7.24374,2022-07-26 14:56:50.784000000
13.80496,7.39169,2022-07-26 19:19:08.544000000
13.84139,7.28926,2022-07-26 20:11:36.096000000
13.84139,7.19822,2022-07-26 20:11:36.096000000
13.84139,7.10717,2022-07-26 20:11:36.096000000
13.87782,7.02751,2022-07-26 21:04:03.648000000
13.91425,6.92508,2022-07-26 21:56:31.200000000
13.91425,6.83403,2022-07-26 21:56:31.200000000
13.95068,6.75437,2022-07-26 22:48:58.752000000
13.98711,6.65194,2022-07-26 23:41:26.304000000
13.98711,6.5609,2022-07-26 23:41:26.304000000
14.02354,6.44709,2022-07-27 00:33:53.855999999
14.0964,6.31052,2022-07-27 02:18:48.960000000
14.13283,6.19671,2022-07-27 03:11:16.512000000
14.16926,6.11705,2022-07-27 04:03:44.064000000
14.24212,6.01462,2022-07-27 05:48:39.168000000
14.31498,6.21947,2022-07-27 07:33:34.272000000
14.27855,6.10567,2022-07-27 06:41:06.720000000
14.38785,6.43571,2022-07-27 09:18:30.239999999
14.35142,6.33328,2022-07-27 08:26:02.688000000
14.46071,6.89094,2022-07-27 11:03:25.344000000
14.42428,6.78851,2022-07-27 10:10:57.792000000
14.42428,6.69746,2022-07-27 10:10:57.792000000
14.42428,6.60642,2022-07-27 10:10:57.792000000
14.42428,6.51537,2022-07-27 10:10:57.792000000
14.53357,7.34617,2022-07-27 12:48:20.448000000
14.49714,7.24374,2022-07-27 11:55:52.896000000
14.49714,7.15269,2022-07-27 11:55:52.896000000
14.49714,7.06165,2022-07-27 11:55:52.896000000
14.49714,6.9706,2022-07-27 11:55:52.896000000
14.60643,7.8014,2022-07-27 14:33:15.552000000
14.57,7.69897,2022-07-27 13:40:47.999999999
14.57,7.60792,2022-07-27 13:40:47.999999999
14.57,7.51688,2022-07-27 13:40:47.999999999
14.57,7.42583,2022-07-27 13:40:47.999999999
14.75215,8.01763,2022-07-27 18:03:05.760000000
14.78858,7.92659,2022-07-27 18:55:33.311999999
14.82501,7.84692,2022-07-27 19:48:00.864000000
14.86144,7.74449,2022-07-27 20:40:28.416000000
14.86144,7.65345,2022-07-27 20:40:28.416000000
14.86144,7.5624,2022-07-27 20:40:28.416000000
14.89787,7.48274,2022-07-27 21:32:55.968000000
14.9343,7.38031,2022-07-27 22:25:23.520000000
14.97073,7.30064,2022-07-27 23:17:51.072000000
15.00716,7.19822,2022-07-28 00:10:18.624000000
15.00716,7.10717,2022-07-28 00:10:18.624000000
15.04359,7.02751,2022-07-28 01:02:46.175999999
15.08002,6.92508,2022-07-28 01:55:13.727999999
15.08002,6.83403,2022-07-28 01:55:13.727999999
15.11645,6.75437,2022-07-28 02:47:41.280000000
15.15288,6.65194,2022-07-28 03:40:08.831999999
15.18931,6.57228,2022-07-28 04:32:36.384000000
15.33504,6.76575,2022-07-28 08:02:27.456000000
15.29861,6.65194,2022-07-28 07:09:59.904000000
15.29861,6.5609,2022-07-28 07:09:59.904000000
15.4079,7.16408,2022-07-28 09:47:22.560000000
15.37147,7.06165,2022-07-28 08:54:55.008000000
15.37147,6.9706,2022-07-28 08:54:55.008000000
15.37147,6.87956,2022-07-28 08:54:55.008000000
15.48076,7.63069,2022-07-28 11:32:17.664000000
15.44433,7.51688,2022-07-28 10:39:50.112000000
15.44433,7.42583,2022-07-28 10:39:50.112000000
15.44433,7.33479,2022-07-28 10:39:50.112000000
15.44433,7.24374,2022-07-28 10:39:50.112000000
15.55362,7.84692,2022-07-28 13:17:12.768000000
15.51719,7.74449,2022-07-28 12:24:45.216000000
15.62648,8.30215,2022-07-28 15:02:07.872000000
15.59005,8.19972,2022-07-28 14:09:40.320000000
15.59005,8.10868,2022-07-28 14:09:40.320000000
15.59005,8.01763,2022-07-28 14:09:40.320000000
15.59005,7.92659,2022-07-28 14:09:40.320000000
15.69934,8.56391,2022-07-28 16:47:02.976000000
15.69934,8.48424,2022-07-28 16:47:02.976000000
15.66291,8.38182,2022-07-28 15:54:35.424000000
15.80863,8.47286,2022-07-28 19:24:25.632000000
15.84506,8.3932,2022-07-28 20:16:53.184000000
15.88149,8.29077,2022-07-28 21:09:20.736000000
15.88149,8.19972,2022-07-28 21:09:20.736000000
15.88149,8.10868,2022-07-28 21:09:20.736000000
15.88149,8.01763,2022-07-28 21:09:20.736000000
15.88149,7.92659,2022-07-28 21:09:20.736000000
15.91792,7.81278,2022-07-28 22:01:48.288000000
15.95435,7.69897,2022-07-28 22:54:15.840000000
15.95435,7.60792,2022-07-28 22:54:15.840000000
15.95435,7.51688,2022-07-28 22:54:15.840000000
15.99078,7.43721,2022-07-28 23:46:43.392000000
16.02721,7.33479,2022-07-29 00:39:10.944000000
16.02721,7.24374,2022-07-29 00:39:10.944000000
16.06365,7.12993,2022-07-29 01:31:39.360000000
16.10008,7.01613,2022-07-29 02:24:06.912000000
16.13651,6.93646,2022-07-29 03:16:34.464000000
16.17294,6.83403,2022-07-29 04:09:02.016000000
16.20937,6.73161,2022-07-29 05:01:29.568000000
16.31866,6.78851,2022-07-29 07:38:52.224000000
16.31866,6.72023,2022-07-29 07:38:52.224000000
16.42795,7.14131,2022-07-29 10:16:14.880000000
16.50081,7.71035,2022-07-29 12:01:09.984000000
16.46438,7.60792,2022-07-29 11:08:42.432000000
16.46438,7.51688,2022-07-29 11:08:42.432000000
16.46438,7.42583,2022-07-29 11:08:42.432000000
16.46438,7.33479,2022-07-29 11:08:42.432000000
16.46438,7.24374,2022-07-29 11:08:42.432000000
16.57367,8.17696,2022-07-29 13:46:05.088000000
16.53724,8.06315,2022-07-29 12:53:37.536000000
16.53724,7.97211,2022-07-29 12:53:37.536000000
16.53724,7.88106,2022-07-29 12:53:37.536000000
16.53724,7.79002,2022-07-29 12:53:37.536000000
16.64653,8.48424,2022-07-29 15:31:00.192000000
16.6101,8.38182,2022-07-29 14:38:32.640000000
16.6101,8.29077,2022-07-29 14:38:32.640000000
16.71939,8.65495,2022-07-29 17:15:55.296000000
16.71939,8.57529,2022-07-29 17:15:55.296000000
16.82868,8.56391,2022-07-29 19:53:17.952000000
16.82868,8.47286,2022-07-29 19:53:17.952000000
16.82868,8.38182,2022-07-29 19:53:17.952000000
16.82868,8.29077,2022-07-29 19:53:17.952000000
16.86511,8.17696,2022-07-29 20:45:45.504000000
16.90154,8.06315,2022-07-29 21:38:13.056000000
16.90154,7.97211,2022-07-29 21:38:13.056000000
16.90154,7.88106,2022-07-29 21:38:13.056000000
16.90154,7.79002,2022-07-29 21:38:13.056000000
16.90154,7.69897,2022-07-29 21:38:13.056000000
16.93798,7.58516,2022-07-29 22:30:41.472000000
16.97441,7.47136,2022-07-29 23:23:09.024000000
16.97441,7.38031,2022-07-29 23:23:09.024000000
17.01084,7.30064,2022-07-30 00:15:36.576000000
17.04727,7.19822,2022-07-30 01:08:04.128000000
17.0837,7.08441,2022-07-30 02:00:31.680000000
17.12013,6.9706,2022-07-30 02:52:59.232000000
17.12013,6.87956,2022-07-30 02:52:59.232000000
17.15656,6.76575,2022-07-30 03:45:26.784000000
17.19299,6.65194,2022-07-30 04:37:54.336000000
17.22942,6.54951,2022-07-30 05:30:21.888000000
17.37514,6.6747,2022-07-30 09:00:12.095999999
17.33871,6.5609,2022-07-30 08:07:44.544000000
17.448,6.98198,2022-07-30 10:45:07.200000000
17.41157,6.87956,2022-07-30 09:52:39.648000000
17.41157,6.78851,2022-07-30 09:52:39.648000000
17.52086,7.43721,2022-07-30 12:30:02.304000000
17.48443,7.33479,2022-07-30 11:37:34.752000000
17.48443,7.24374,2022-07-30 11:37:34.752000000
17.48443,7.15269,2022-07-30 11:37:34.752000000
17.48443,7.06165,2022-07-30 11:37:34.752000000
17.59372,7.63069,2022-07-30 14:14:57.408000000
17.55729,7.51688,2022-07-30 13:22:29.855999999
17.66658,7.8583,2022-07-30 15:59:52.511999999
17.63015,7.74449,2022-07-30 15:07:24.960000000
17.73944,8.06315,2022-07-30 17:44:47.616000000
17.73944,7.97211,2022-07-30 17:44:47.616000000
17.84874,7.92659,2022-07-30 20:22:11.136000000
17.84874,7.83554,2022-07-30 20:22:11.136000000
17.88517,7.72173,2022-07-30 21:14:38.688000000
17.9216,7.60792,2022-07-30 22:07:06.240000000
17.9216,7.51688,2022-07-30 22:07:06.240000000
17.95803,7.40307,2022-07-30 22:59:33.792000000
17.99446,7.28926,2022-07-30 23:52:01.344000000
17.99446,7.19822,2022-07-30 23:52:01.344000000
18.03089,7.11855,2022-07-31 00:44:28.896000000
18.06732,7.01613,2022-07-31 01:36:56.448000000
18.10375,6.90232,2022-07-31 02:29:24.000000000
18.17661,6.76575,2022-07-31 04:14:19.104000000
18.24947,6.65194,2022-07-31 05:59:14.208000000
18.32233,6.85679,2022-07-31 07:44:09.312000000
18.2859,6.74299,2022-07-31 06:51:41.760000000
18.39519,7.17546,2022-07-31 09:29:04.416000000
18.35876,7.06165,2022-07-31 08:36:36.864000000
18.35876,6.9706,2022-07-31 08:36:36.864000000
18.46805,7.40307,2022-07-31 11:13:59.520000000
18.43162,7.28926,2022-07-31 10:21:31.968000000
18.54091,7.8014,2022-07-31 12:58:54.624000000
18.50448,7.69897,2022-07-31 12:06:27.072000000
18.50448,7.60792,2022-07-31 12:06:27.072000000
18.50448,7.51688,2022-07-31 12:06:27.072000000
18.61377,8.16558,2022-07-31 14:43:49.728000000
18.57734,8.06315,2022-07-31 13:51:22.176000000
18.57734,7.97211,2022-07-31 13:51:22.176000000
18.57734,7.88106,2022-07-31 13:51:22.176000000
18.65021,8.24525,2022-07-31 15:36:18.143999999
18.72307,8.1542,2022-07-31 17:21:13.248000000
18.7595,8.07454,2022-07-31 18:13:40.799999999
18.79593,7.97211,2022-07-31 19:06:08.352000000
18.79593,7.88106,2022-07-31 19:06:08.352000000
18.79593,7.79002,2022-07-31 19:06:08.352000000
18.79593,7.69897,2022-07-31 19:06:08.352000000
18.83236,7.61931,2022-07-31 19:58:35.904000000
18.86879,7.51688,2022-07-31 20:51:03.456000000
18.86879,7.42583,2022-07-31 20:51:03.456000000
18.86879,7.33479,2022-07-31 20:51:03.456000000
18.90522,7.25512,2022-07-31 21:43:31.008000000
18.94165,7.15269,2022-07-31 22:35:58.560000000
18.94165,7.06165,2022-07-31 22:35:58.560000000
18.97808,6.98198,2022-07-31 23:28:26.112000000
19.01451,6.87956,2022-08-01 00:20:53.664000000
19.05094,6.79989,2022-08-01 01:13:21.216000000
19.08737,6.69746,2022-08-01 02:05:48.768000000
19.08737,6.60642,2022-08-01 02:05:48.768000000
19.1238,6.52675,2022-08-01 02:58:16.320000000
19.16023,6.42433,2022-08-01 03:50:43.872000000
19.19666,6.31052,2022-08-01 04:43:11.424000000
19.34238,6.39018,2022-08-01 08:13:01.632000000
19.30595,6.31052,2022-08-01 07:20:34.080000000
19.41524,6.58366,2022-08-01 09:57:56.736000000
19.37881,6.46985,2022-08-01 09:05:29.184000000
19.48811,6.89094,2022-08-01 11:42:52.704000000
19.45167,6.78851,2022-08-01 10:50:24.288000000
19.45167,6.69746,2022-08-01 10:50:24.288000000
19.56097,7.35755,2022-08-01 13:27:47.808000000
19.52454,7.24374,2022-08-01 12:35:20.256000000
19.52454,7.15269,2022-08-01 12:35:20.256000000
19.52454,7.06165,2022-08-01 12:35:20.256000000
19.52454,6.9706,2022-08-01 12:35:20.256000000
19.63383,7.58516,2022-08-01 15:12:42.912000000
19.5974,7.47136,2022-08-01 14:20:15.360000000
19.70669,7.79002,2022-08-01 16:57:38.016000000
19.70669,7.69897,2022-08-01 16:57:38.016000000
19.81598,7.65345,2022-08-01 19:35:00.672000000
19.81598,7.5624,2022-08-01 19:35:00.672000000
19.81598,7.47136,2022-08-01 19:35:00.672000000
19.85241,7.35755,2022-08-01 20:27:28.224000000
19.88884,7.24374,2022-08-01 21:19:55.776000000
19.92527,7.16408,2022-08-01 22:12:23.328000000
19.9617,7.06165,2022-08-01 23:04:50.880000000
19.9617,6.9706,2022-08-01 23:04:50.880000000
19.99813,6.85679,2022-08-01 23:57:18.432000000
20.03456,6.74299,2022-08-02 00:49:45.984000000
20.07099,6.62918,2022-08-02 01:42:13.536000000
20.10742,6.51537,2022-08-02 02:34:41.088000000
20.14385,6.43571,2022-08-02 03:27:08.640000000
20.21671,6.34466,2022-08-02 05:12:03.744000000
20.28957,6.27638,2022-08-02 06:56:58.848000000
20.326,6.3788,2022-08-02 07:49:26.400000000
20.4353,7.17546,2022-08-02 10:26:49.920000000
20.50816,7.44859,2022-08-02 12:11:45.023999999
20.47173,7.33479,2022-08-02 11:19:17.472000000
20.47173,7.24374,2022-08-02 11:19:17.472000000
20.58102,7.76725,2022-08-02 13:56:40.128000000
20.54459,7.65345,2022-08-02 13:04:12.576000000
20.54459,7.5624,2022-08-02 13:04:12.576000000
20.65388,7.99487,2022-08-02 15:41:35.232000000
20.61745,7.88106,2022-08-02 14:49:07.680000000
20.72674,8.10868,2022-08-02 17:26:30.336000000
20.83603,8.06315,2022-08-02 20:03:52.992000000
20.83603,7.97211,2022-08-02 20:03:52.992000000
20.83603,7.88106,2022-08-02 20:03:52.992000000
20.83603,7.79002,2022-08-02 20:03:52.992000000
20.87246,7.71035,2022-08-02 20:56:20.544000000
20.90889,7.60792,2022-08-02 21:48:48.096000000
20.90889,7.51688,2022-08-02 21:48:48.096000000
20.90889,7.42583,2022-08-02 21:48:48.096000000
20.94532,7.34617,2022-08-02 22:41:15.648000000
20.98175,7.24374,2022-08-02 23:33:43.200000000
20.98175,7.15269,2022-08-02 23:33:43.200000000
20.98175,7.06165,2022-08-02 23:33:43.200000000
21.01818,6.98198,2022-08-03 00:26:10.752000000
21.05461,6.87956,2022-08-03 01:18:38.304000000
21.09104,6.79989,2022-08-03 02:11:05.856000000
21.12747,6.69746,2022-08-03 03:03:33.408000000
21.12747,6.60642,2022-08-03 03:03:33.408000000
21.1639,6.52675,2022-08-03 03:56:00.960000000
21.24891,6.42433,2022-08-03 05:58:25.824000000
21.23677,6.3219,2022-08-03 05:40:56.928000000
21.38249,6.66332,2022-08-03 09:10:47.136000000
21.34606,6.5609,2022-08-03 08:18:19.584000000
21.34606,6.49261,2022-08-03 08:18:19.584000000
21.45535,7.11855,2022-08-03 10:55:42.240000000
21.41892,7.01613,2022-08-03 10:03:14.688000000
21.41892,6.92508,2022-08-03 10:03:14.688000000
21.41892,6.83403,2022-08-03 10:03:14.688000000
21.41892,6.74299,2022-08-03 10:03:14.688000000
21.52821,7.67621,2022-08-03 12:40:37.344000000
21.49178,7.5624,2022-08-03 11:48:09.792000000
21.49178,7.47136,2022-08-03 11:48:09.792000000
21.49178,7.38031,2022-08-03 11:48:09.792000000
21.49178,7.28926,2022-08-03 11:48:09.792000000
21.49178,7.19822,2022-08-03 11:48:09.792000000
21.60107,8.07454,2022-08-03 14:25:32.448000000
21.56464,7.97211,2022-08-03 13:33:04.896000000
21.56464,7.88106,2022-08-03 13:33:04.896000000
21.56464,7.79002,2022-08-03 13:33:04.896000000
21.67393,8.25663,2022-08-03 16:10:27.552000000
21.6375,8.1542,2022-08-03 15:18:00.000000000
21.74679,8.31353,2022-08-03 17:55:22.655999999
21.78322,8.19972,2022-08-03 18:47:50.208000000
21.78322,8.10868,2022-08-03 18:47:50.208000000
21.81965,7.99487,2022-08-03 19:40:17.760000000
21.85608,7.88106,2022-08-03 20:32:45.312000000
21.85608,7.79002,2022-08-03 20:32:45.312000000
21.85608,7.69897,2022-08-03 20:32:45.312000000
21.85608,7.60792,2022-08-03 20:32:45.312000000
21.85608,7.51688,2022-08-03 20:32:45.312000000
21.85608,7.42583,2022-08-03 20:32:45.312000000
21.89251,7.34617,2022-08-03 21:25:12.864000000
21.96537,7.22098,2022-08-03 23:10:07.968000000
22.0018,7.10717,2022-08-04 00:02:35.520000000
22.0018,7.01613,2022-08-04 00:02:35.520000000
22.03823,6.90232,2022-08-04 00:55:03.072000000
22.07467,6.78851,2022-08-04 01:47:31.488000000
22.07467,6.69746,2022-08-04 01:47:31.488000000
22.07467,6.60642,2022-08-04 01:47:31.488000000
22.1111,6.49261,2022-08-04 02:39:59.040000000
22.14753,6.3788,2022-08-04 03:32:26.592000000
22.14753,6.28776,2022-08-04 03:32:26.592000000
22.14753,6.19671,2022-08-04 03:32:26.592000000
22.18396,6.11705,2022-08-04 04:24:54.144000000
22.25682,6.04876,2022-08-04 06:09:49.248000000
22.40254,6.6747,2022-08-04 09:39:39.456000000
22.36611,6.5609,2022-08-04 08:47:11.904000000
22.36611,6.46985,2022-08-04 08:47:11.904000000
22.4754,7.2665,2022-08-04 11:24:34.560000000
22.43897,7.15269,2022-08-04 10:32:07.008000000
22.43897,7.06165,2022-08-04 10:32:07.008000000
22.43897,6.9706,2022-08-04 10:32:07.008000000
22.43897,6.87956,2022-08-04 10:32:07.008000000
22.43897,6.78851,2022-08-04 10:32:07.008000000
22.54826,7.57378,2022-08-04 13:09:29.664000000
22.51183,7.47136,2022-08-04 12:17:02.112000000
22.51183,7.38031,2022-08-04 12:17:02.112000000
22.62112,8.04039,2022-08-04 14:54:24.768000000
22.58469,7.92659,2022-08-04 14:01:57.216000000
22.58469,7.83554,2022-08-04 14:01:57.216000000
22.58469,7.74449,2022-08-04 14:01:57.216000000
22.58469,7.65345,2022-08-04 14:01:57.216000000
22.69398,8.24525,2022-08-04 16:39:19.872000000
22.69398,8.1542,2022-08-04 16:39:19.872000000
22.76684,8.07454,2022-08-04 18:24:14.976000000
22.80327,7.97211,2022-08-04 19:16:42.528000000
22.8397,7.8583,2022-08-04 20:09:10.080000000
22.87613,7.74449,2022-08-04 21:01:37.632000000
22.87613,7.65345,2022-08-04 21:01:37.632000000
22.87613,7.5624,2022-08-04 21:01:37.632000000
22.87613,7.47136,2022-08-04 21:01:37.632000000
22.87613,7.38031,2022-08-04 21:01:37.632000000
22.87613,7.28926,2022-08-04 21:01:37.632000000
22.91256,7.17546,2022-08-04 21:54:05.184000000
22.949,7.06165,2022-08-04 22:46:33.600000000
22.949,6.9706,2022-08-04 22:46:33.600000000
22.949,6.87956,2022-08-04 22:46:33.600000000
22.98543,6.79989,2022-08-04 23:39:01.152000000
23.02186,6.69746,2022-08-05 00:31:28.704000000
23.02186,6.60642,2022-08-05 00:31:28.704000000
23.02186,6.51537,2022-08-05 00:31:28.704000000
23.05829,6.40156,2022-08-05 01:23:56.256000000
23.09472,6.28776,2022-08-05 02:16:23.808000000
23.13115,6.20809,2022-08-05 03:08:51.360000000
23.16758,6.10567,2022-08-05 04:01:18.912000000
23.16758,6.01462,2022-08-05 04:01:18.912000000
23.20401,5.93495,2022-08-05 04:53:46.464000000
23.27687,5.85529,2022-08-05 06:38:41.568000000
23.34973,6.11705,2022-08-05 08:23:36.672000000
23.3133,6.01462,2022-08-05 07:31:09.120000000
23.3133,5.92357,2022-08-05 07:31:09.120000000
23.42259,6.40156,2022-08-05 10:08:31.776000000
23.38616,6.28776,2022-08-05 09:16:04.224000000
23.38616,6.19671,2022-08-05 09:16:04.224000000
23.49545,6.99336,2022-08-05 11:53:26.880000000
23.45902,6.87956,2022-08-05 11:00:59.328000000
23.45902,6.78851,2022-08-05 11:00:59.328000000
23.45902,6.69746,2022-08-05 11:00:59.328000000
23.45902,6.60642,2022-08-05 11:00:59.328000000
23.45902,6.51537,2022-08-05 11:00:59.328000000
23.58046,7.47136,2022-08-05 13:55:51.744000000
23.53188,7.38031,2022-08-05 12:45:54.432000000
23.53188,7.28926,2022-08-05 12:45:54.432000000
23.53188,7.19822,2022-08-05 12:45:54.432000000
23.53188,7.10717,2022-08-05 12:45:54.432000000
23.64117,7.63069,2022-08-05 15:23:17.088000000
23.71403,7.74449,2022-08-05 17:08:12.192000000
23.75046,7.65345,2022-08-05 18:00:39.744000000
23.75046,7.5624,2022-08-05 18:00:39.744000000
23.7869,7.44859,2022-08-05 18:53:08.160000000
23.82333,7.33479,2022-08-05 19:45:35.712000000
23.82333,7.24374,2022-08-05 19:45:35.712000000
23.82333,7.15269,2022-08-05 19:45:35.712000000
23.82333,7.06165,2022-08-05 19:45:35.712000000
23.82333,6.9706,2022-08-05 19:45:35.712000000
23.82333,6.87956,2022-08-05 19:45:35.712000000
23.85976,6.76575,2022-08-05 20:38:03.264000000
23.89619,6.65194,2022-08-05 21:30:30.816000000
23.89619,6.5609,2022-08-05 21:30:30.816000000
23.93262,6.44709,2022-08-05 22:22:58.368000000
24.00548,6.34466,2022-08-06 00:07:53.471999999
24.04191,6.24223,2022-08-06 01:00:21.024000000
24.04191,6.15119,2022-08-06 01:00:21.024000000
24.07834,6.07152,2022-08-06 01:52:48.576000000
24.11477,5.9691,2022-08-06 02:45:16.128000000
24.1512,5.88943,2022-08-06 03:37:43.680000000
24.22406,5.82115,2022-08-06 05:22:38.784000000
24.36978,6.11705,2022-08-06 08:52:28.992000000
24.33335,6.01462,2022-08-06 08:00:01.440000000
24.33335,5.92357,2022-08-06 08:00:01.440000000
24.33335,5.85529,2022-08-06 08:00:01.440000000
24.44264,6.6747,2022-08-06 10:37:24.096000000
24.40621,6.5609,2022-08-06 09:44:56.544000000
24.40621,6.46985,2022-08-06 09:44:56.544000000
24.40621,6.3788,2022-08-06 09:44:56.544000000
24.40621,6.28776,2022-08-06 09:44:56.544000000
24.40621,6.19671,2022-08-06 09:44:56.544000000
24.5155,7.17546,2022-08-06 12:22:19.200000000
24.47907,7.06165,2022-08-06 11:29:51.648000000
24.47907,6.9706,2022-08-06 11:29:51.648000000
24.47907,6.87956,2022-08-06 11:29:51.648000000
24.47907,6.78851,2022-08-06 11:29:51.648000000
24.58836,7.39169,2022-08-06 14:07:14.304000000
24.55193,7.28926,2022-08-06 13:14:46.752000000
24.66123,7.75587,2022-08-06 15:52:10.272000000
24.62479,7.65345,2022-08-06 14:59:41.856000000
24.62479,7.5624,2022-08-06 14:59:41.856000000
24.62479,7.47136,2022-08-06 14:59:41.856000000
24.73409,7.83554,2022-08-06 17:37:05.376000000
24.77052,7.74449,2022-08-06 18:29:32.928000000
24.80695,7.66483,2022-08-06 19:22:00.479999999
24.84338,7.5624,2022-08-06 20:14:28.032000000
24.87981,7.48274,2022-08-06 21:06:55.584000000
24.91624,7.38031,2022-08-06 21:59:23.136000000
24.91624,7.28926,2022-08-06 21:59:23.136000000
24.95267,7.17546,2022-08-06 22:51:50.688000000
24.9891,7.06165,2022-08-06 23:44:18.240000000
25.02553,6.94784,2022-08-07 00:36:45.792000000
25.06196,6.83403,2022-08-07 01:29:13.344000000
25.06196,6.74299,2022-08-07 01:29:13.344000000
25.09839,6.66332,2022-08-07 02:21:40.896000000
25.17125,6.57228,2022-08-07 04:06:36.000000000
25.24411,6.49261,2022-08-07 05:51:31.104000000
25.31697,6.90232,2022-08-07 07:36:26.207999999
25.28054,6.78851,2022-08-07 06:43:58.656000000
25.28054,6.69746,2022-08-07 06:43:58.656000000
25.28054,6.60642,2022-08-07 06:43:58.656000000
25.38983,7.84692,2022-08-07 09:21:21.312000000
25.3534,7.74449,2022-08-07 08:28:53.760000000
25.3534,7.65345,2022-08-07 08:28:53.760000000
25.3534,7.5624,2022-08-07 08:28:53.760000000
25.3534,7.47136,2022-08-07 08:28:53.760000000
25.3534,7.38031,2022-08-07 08:28:53.760000000
25.3534,7.28926,2022-08-07 08:28:53.760000000
25.3534,7.19822,2022-08-07 08:28:53.760000000
25.3534,7.10717,2022-08-07 08:28:53.760000000
25.3534,7.01613,2022-08-07 08:28:53.760000000
25.46269,8.48424,2022-08-07 11:06:16.416000000
25.42626,8.38182,2022-08-07 10:13:48.864000000
25.42626,8.29077,2022-08-07 10:13:48.864000000
25.42626,8.19972,2022-08-07 10:13:48.864000000
25.42626,8.10868,2022-08-07 10:13:48.864000000
25.42626,8.01763,2022-08-07 10:13:48.864000000
25.42626,7.92659,2022-08-07 10:13:48.864000000
25.53556,10.04341,2022-08-07 12:51:12.384000000
25.49913,9.9296,2022-08-07 11:58:44.832000000
25.49913,9.83855,2022-08-07 11:58:44.832000000
25.49913,9.74751,2022-08-07 11:58:44.832000000
25.49913,9.65646,2022-08-07 11:58:44.832000000
25.49913,9.56541,2022-08-07 11:58:44.832000000
25.49913,9.47437,2022-08-07 11:58:44.832000000
25.49913,9.38332,2022-08-07 11:58:44.832000000
25.49913,9.29228,2022-08-07 11:58:44.832000000
25.49913,9.20123,2022-08-07 11:58:44.832000000
25.49913,9.11018,2022-08-07 11:58:44.832000000
25.49913,9.01914,2022-08-07 11:58:44.832000000
25.49913,8.92809,2022-08-07 11:58:44.832000000
25.49913,8.83705,2022-08-07 11:58:44.832000000
25.49913,8.746,2022-08-07 11:58:44.832000000
25.49913,8.65495,2022-08-07 11:58:44.832000000
25.49913,8.56391,2022-08-07 11:58:44.832000000
25.60842,11.35219,2022-08-07 14:36:07.488000000
25.57199,11.24976,2022-08-07 13:43:39.936000000
25.57199,11.15872,2022-08-07 13:43:39.936000000
25.57199,11.06767,2022-08-07 13:43:39.936000000
25.57199,10.97663,2022-08-07 13:43:39.936000000
25.57199,10.88558,2022-08-07 13:43:39.936000000
25.57199,10.79453,2022-08-07 13:43:39.936000000
25.57199,10.70349,2022-08-07 13:43:39.936000000
25.57199,10.61244,2022-08-07 13:43:39.936000000
25.57199,10.5214,2022-08-07 13:43:39.936000000
25.57199,10.43035,2022-08-07 13:43:39.936000000
25.57199,10.3393,2022-08-07 13:43:39.936000000
25.57199,10.24826,2022-08-07 13:43:39.936000000
25.57199,10.15721,2022-08-07 13:43:39.936000000
25.68128,12.17161,2022-08-07 16:21:02.592000000
25.64485,12.06918,2022-08-07 15:28:35.040000000
25.64485,11.97813,2022-08-07 15:28:35.040000000
25.64485,11.88709,2022-08-07 15:28:35.040000000
25.64485,11.79604,2022-08-07 15:28:35.040000000
25.64485,11.70499,2022-08-07 15:28:35.040000000
25.64485,11.61395,2022-08-07 15:28:35.040000000
25.64485,11.5229,2022-08-07 15:28:35.040000000
25.64485,11.43186,2022-08-07 15:28:35.040000000
25.75414,12.3537,2022-08-07 18:05:57.696000000
25.71771,12.25127,2022-08-07 17:13:30.144000000
25.827,12.50165,2022-08-07 19:50:52.800000000
25.827,12.4106,2022-08-07 19:50:52.800000000
25.86343,12.29679,2022-08-07 20:43:20.352000000
25.86343,12.20575,2022-08-07 20:43:20.352000000
25.86343,12.1147,2022-08-07 20:43:20.352000000
25.86343,12.02366,2022-08-07 20:43:20.352000000
25.89986,11.94399,2022-08-07 21:35:47.904000000
25.93629,11.84156,2022-08-07 22:28:15.456000000
25.93629,11.75052,2022-08-07 22:28:15.456000000
25.93629,11.65947,2022-08-07 22:28:15.456000000
25.93629,11.56843,2022-08-07 22:28:15.456000000
25.93629,11.47738,2022-08-07 22:28:15.456000000
25.93629,11.38633,2022-08-07 22:28:15.456000000
25.93629,11.29529,2022-08-07 22:28:15.456000000
25.97272,11.18148,2022-08-07 23:20:43.008000000
26.00915,11.06767,2022-08-08 00:13:10.560000000
26.00915,10.97663,2022-08-08 00:13:10.560000000
26.00915,10.88558,2022-08-08 00:13:10.560000000
26.04558,10.77177,2022-08-08 01:05:38.112000000
26.08201,10.65797,2022-08-08 01:58:05.664000000
26.08201,10.56692,2022-08-08 01:58:05.664000000
26.08201,10.47587,2022-08-08 01:58:05.664000000
26.08201,10.38483,2022-08-08 01:58:05.664000000
26.08201,10.29378,2022-08-08 01:58:05.664000000
26.08201,10.20274,2022-08-08 01:58:05.664000000
26.11844,10.08893,2022-08-08 02:50:33.216000000
26.15487,9.97512,2022-08-08 03:43:00.768000000
26.15487,9.88407,2022-08-08 03:43:00.768000000
26.15487,9.79303,2022-08-08 03:43:00.768000000
26.15487,9.70198,2022-08-08 03:43:00.768000000
26.15487,9.61094,2022-08-08 03:43:00.768000000
26.15487,9.51989,2022-08-08 03:43:00.768000000
26.15487,9.42884,2022-08-08 03:43:00.768000000
26.1913,9.34918,2022-08-08 04:35:28.320000000
26.26416,9.24675,2022-08-08 06:20:23.424000000
26.26416,9.15571,2022-08-08 06:20:23.424000000
26.26416,9.06466,2022-08-08 06:20:23.424000000
26.40989,10.40759,2022-08-08 09:50:14.496000000
26.37346,10.29378,2022-08-08 08:57:46.944000000
26.37346,10.20274,2022-08-08 08:57:46.944000000
26.37346,10.11169,2022-08-08 08:57:46.944000000
26.37346,10.02064,2022-08-08 08:57:46.944000000
26.37346,9.9296,2022-08-08 08:57:46.944000000
26.37346,9.83855,2022-08-08 08:57:46.944000000
26.37346,9.74751,2022-08-08 08:57:46.944000000
26.37346,9.65646,2022-08-08 08:57:46.944000000
26.37346,9.56541,2022-08-08 08:57:46.944000000
26.37346,9.47437,2022-08-08 08:57:46.944000000
26.37346,9.38332,2022-08-08 08:57:46.944000000
26.37346,9.29228,2022-08-08 08:57:46.944000000
26.48275,11.54566,2022-08-08 11:35:09.600000000
26.44632,11.43186,2022-08-08 10:42:42.048000000
26.44632,11.34081,2022-08-08 10:42:42.048000000
26.44632,11.24976,2022-08-08 10:42:42.048000000
26.44632,11.15872,2022-08-08 10:42:42.048000000
26.44632,11.06767,2022-08-08 10:42:42.048000000
26.44632,10.97663,2022-08-08 10:42:42.048000000
26.44632,10.88558,2022-08-08 10:42:42.048000000
26.44632,10.79453,2022-08-08 10:42:42.048000000
26.44632,10.70349,2022-08-08 10:42:42.048000000
26.44632,10.61244,2022-08-08 10:42:42.048000000
26.44632,10.5214,2022-08-08 10:42:42.048000000
26.55561,12.31956,2022-08-08 13:20:04.704000000
26.51918,12.20575,2022-08-08 12:27:37.152000000
26.51918,12.1147,2022-08-08 12:27:37.152000000
26.51918,12.02366,2022-08-08 12:27:37.152000000
26.51918,11.93261,2022-08-08 12:27:37.152000000
26.51918,11.84156,2022-08-08 12:27:37.152000000
26.51918,11.75052,2022-08-08 12:27:37.152000000
26.51918,11.65947,2022-08-08 12:27:37.152000000
26.62847,12.62684,2022-08-08 15:04:59.808000000
26.59204,12.52441,2022-08-08 14:12:32.256000000
26.59204,12.43336,2022-08-08 14:12:32.256000000
26.70133,12.79755,2022-08-08 16:49:54.912000000
26.70133,12.7065,2022-08-08 16:49:54.912000000
26.73776,12.61545,2022-08-08 17:42:22.464000000
26.73776,12.52441,2022-08-08 17:42:22.464000000
26.77419,12.44474,2022-08-08 18:34:50.016000000
26.81062,12.34232,2022-08-08 19:27:17.568000000
26.81062,12.25127,2022-08-08 19:27:17.568000000
26.81062,12.16022,2022-08-08 19:27:17.568000000
26.81062,12.06918,2022-08-08 19:27:17.568000000
26.81062,11.97813,2022-08-08 19:27:17.568000000
26.81062,11.88709,2022-08-08 19:27:17.568000000
26.81062,11.79604,2022-08-08 19:27:17.568000000
26.84705,11.68223,2022-08-08 20:19:45.120000000
26.88348,11.56843,2022-08-08 21:12:12.672000000
26.88348,11.47738,2022-08-08 21:12:12.672000000
26.88348,11.38633,2022-08-08 21:12:12.672000000
26.88348,11.29529,2022-08-08 21:12:12.672000000
26.88348,11.20424,2022-08-08 21:12:12.672000000
26.91991,11.12458,2022-08-08 22:04:40.224000000
26.95634,11.02215,2022-08-08 22:57:07.776000000
26.95634,10.9311,2022-08-08 22:57:07.776000000
26.95634,10.84006,2022-08-08 22:57:07.776000000
26.95634,10.74901,2022-08-08 22:57:07.776000000
26.95634,10.65797,2022-08-08 22:57:07.776000000
26.95634,10.56692,2022-08-08 22:57:07.776000000
26.95634,10.47587,2022-08-08 22:57:07.776000000
26.95634,10.38483,2022-08-08 22:57:07.776000000
26.95634,10.29378,2022-08-08 22:57:07.776000000
26.99277,10.21412,2022-08-08 23:49:35.328000000
27.0292,10.11169,2022-08-09 00:42:02.880000000
27.0292,10.02064,2022-08-09 00:42:02.880000000
27.0292,9.9296,2022-08-09 00:42:02.880000000
27.0292,9.83855,2022-08-09 00:42:02.880000000
27.0292,9.74751,2022-08-09 00:42:02.880000000
27.0292,9.65646,2022-08-09 00:42:02.880000000
27.0292,9.56541,2022-08-09 00:42:02.880000000
27.0292,9.47437,2022-08-09 00:42:02.880000000
27.06563,9.36056,2022-08-09 01:34:30.431999999
27.10206,9.24675,2022-08-09 02:26:57.984000000
27.10206,9.15571,2022-08-09 02:26:57.984000000
27.10206,9.06466,2022-08-09 02:26:57.984000000
27.10206,8.97361,2022-08-09 02:26:57.984000000
27.10206,8.88257,2022-08-09 02:26:57.984000000
27.10206,8.79152,2022-08-09 02:26:57.984000000
27.10206,8.70048,2022-08-09 02:26:57.984000000
27.10206,8.60943,2022-08-09 02:26:57.984000000
27.13849,8.52977,2022-08-09 03:19:25.536000000
27.17492,8.42734,2022-08-09 04:11:53.088000000
27.17492,8.33629,2022-08-09 04:11:53.088000000
27.17492,8.24525,2022-08-09 04:11:53.088000000
27.21136,8.13144,2022-08-09 05:04:21.504000000
27.24779,8.01763,2022-08-09 05:56:49.056000000
27.24779,7.92659,2022-08-09 05:56:49.056000000
27.28422,7.83554,2022-08-09 06:49:16.607999999
27.28422,7.74449,2022-08-09 06:49:16.607999999
27.28422,7.65345,2022-08-09 06:49:16.607999999
27.28422,7.5624,2022-08-09 06:49:16.607999999
27.39351,8.29077,2022-08-09 09:26:39.264000000
27.39351,8.19972,2022-08-09 09:26:39.264000000
27.39351,8.10868,2022-08-09 09:26:39.264000000
27.39351,8.01763,2022-08-09 09:26:39.264000000
27.39351,7.92659,2022-08-09 09:26:39.264000000
27.39351,7.8583,2022-08-09 09:26:39.264000000
27.57566,11.04491,2022-08-09 13:48:57.023999999
27.64852,11.48876,2022-08-09 15:33:52.128000000
27.61209,11.38633,2022-08-09 14:41:24.576000000
27.61209,11.29529,2022-08-09 14:41:24.576000000
27.61209,11.20424,2022-08-09 14:41:24.576000000
27.61209,11.1132,2022-08-09 14:41:24.576000000
27.72138,11.63671,2022-08-09 17:18:47.232000000
27.72138,11.55705,2022-08-09 17:18:47.232000000
27.83067,11.5229,2022-08-09 19:56:09.888000000
27.83067,11.43186,2022-08-09 19:56:09.888000000
27.83067,11.34081,2022-08-09 19:56:09.888000000
27.83067,11.24976,2022-08-09 19:56:09.888000000
27.83067,11.15872,2022-08-09 19:56:09.888000000
27.83067,11.06767,2022-08-09 19:56:09.888000000
27.8671,10.95387,2022-08-09 20:48:37.440000000
27.90353,10.84006,2022-08-09 21:41:04.992000000
27.90353,10.74901,2022-08-09 21:41:04.992000000
27.90353,10.65797,2022-08-09 21:41:04.992000000
27.90353,10.56692,2022-08-09 21:41:04.992000000
27.90353,10.47587,2022-08-09 21:41:04.992000000
27.90353,10.38483,2022-08-09 21:41:04.992000000
27.90353,10.29378,2022-08-09 21:41:04.992000000
27.90353,10.20274,2022-08-09 21:41:04.992000000
27.93996,10.08893,2022-08-09 22:33:32.544000000
27.97639,9.97512,2022-08-09 23:26:00.096000000
27.97639,9.88407,2022-08-09 23:26:00.096000000
27.97639,9.79303,2022-08-09 23:26:00.096000000
27.97639,9.70198,2022-08-09 23:26:00.096000000
27.97639,9.61094,2022-08-09 23:26:00.096000000
27.97639,9.51989,2022-08-09 23:26:00.096000000
27.97639,9.42884,2022-08-09 23:26:00.096000000
27.97639,9.3378,2022-08-09 23:26:00.096000000
28.01282,9.22399,2022-08-10 00:18:27.648000000
28.04925,9.11018,2022-08-10 01:10:55.200000000
28.04925,9.01914,2022-08-10 01:10:55.200000000
28.04925,8.92809,2022-08-10 01:10:55.200000000
28.08569,8.81428,2022-08-10 02:03:23.616000000
28.12212,8.70048,2022-08-10 02:55:51.168000000
28.12212,8.60943,2022-08-10 02:55:51.168000000
28.12212,8.51838,2022-08-10 02:55:51.168000000
28.12212,8.42734,2022-08-10 02:55:51.168000000
28.12212,8.33629,2022-08-10 02:55:51.168000000
28.12212,8.24525,2022-08-10 02:55:51.168000000
28.12212,8.1542,2022-08-10 02:55:51.168000000
28.15855,8.04039,2022-08-10 03:48:18.720000000
28.19498,7.92659,2022-08-10 04:40:46.271999999
28.23141,7.83554,2022-08-10 05:33:13.824000000
28.23141,7.74449,2022-08-10 05:33:13.824000000
28.23141,7.65345,2022-08-10 05:33:13.824000000
28.23141,7.5624,2022-08-10 05:33:13.824000000
28.23141,7.47136,2022-08-10 05:33:13.824000000
28.37713,8.3932,2022-08-10 09:03:04.032000000
28.3407,8.29077,2022-08-10 08:10:36.480000000
28.3407,8.19972,2022-08-10 08:10:36.480000000
28.3407,8.10868,2022-08-10 08:10:36.480000000
28.3407,8.01763,2022-08-10 08:10:36.480000000
28.3407,7.92659,2022-08-10 08:10:36.480000000
28.3407,7.8583,2022-08-10 08:10:36.480000000
28.44999,9.75889,2022-08-10 10:47:59.136000000
28.41356,9.65646,2022-08-10 09:55:31.584000000
28.41356,9.56541,2022-08-10 09:55:31.584000000
28.41356,9.47437,2022-08-10 09:55:31.584000000
28.41356,9.38332,2022-08-10 09:55:31.584000000
28.41356,9.29228,2022-08-10 09:55:31.584000000
28.41356,9.20123,2022-08-10 09:55:31.584000000
28.41356,9.11018,2022-08-10 09:55:31.584000000
28.41356,9.01914,2022-08-10 09:55:31.584000000
28.41356,8.92809,2022-08-10 09:55:31.584000000
28.41356,8.83705,2022-08-10 09:55:31.584000000
28.41356,8.746,2022-08-10 09:55:31.584000000
28.41356,8.65495,2022-08-10 09:55:31.584000000
28.41356,8.56391,2022-08-10 09:55:31.584000000
28.41356,8.47286,2022-08-10 09:55:31.584000000
28.52285,10.95387,2022-08-10 12:32:54.240000000
28.48642,10.84006,2022-08-10 11:40:26.688000000
28.48642,10.74901,2022-08-10 11:40:26.688000000
28.48642,10.65797,2022-08-10 11:40:26.688000000
28.48642,10.56692,2022-08-10 11:40:26.688000000
28.48642,10.47587,2022-08-10 11:40:26.688000000
28.48642,10.38483,2022-08-10 11:40:26.688000000
28.48642,10.29378,2022-08-10 11:40:26.688000000
28.48642,10.20274,2022-08-10 11:40:26.688000000
28.48642,10.11169,2022-08-10 11:40:26.688000000
28.48642,10.02064,2022-08-10 11:40:26.688000000
28.48642,9.9296,2022-08-10 11:40:26.688000000
28.48642,9.83855,2022-08-10 11:40:26.688000000
28.59571,11.71638,2022-08-10 14:17:49.344000000
28.55928,11.61395,2022-08-10 13:25:21.792000000
28.55928,11.5229,2022-08-10 13:25:21.792000000
28.55928,11.43186,2022-08-10 13:25:21.792000000
28.55928,11.34081,2022-08-10 13:25:21.792000000
28.55928,11.24976,2022-08-10 13:25:21.792000000
28.55928,11.15872,2022-08-10 13:25:21.792000000
28.55928,11.06767,2022-08-10 13:25:21.792000000
28.66857,12.08056,2022-08-10 16:02:44.448000000
28.63214,11.97813,2022-08-10 15:10:16.896000000
28.63214,11.88709,2022-08-10 15:10:16.896000000
28.63214,11.79604,2022-08-10 15:10:16.896000000
28.705,12.25127,2022-08-10 16:55:12.000000000
28.74143,12.13746,2022-08-10 17:47:39.552000000
28.77786,12.02366,2022-08-10 18:40:07.104000000
28.77786,11.93261,2022-08-10 18:40:07.104000000
28.77786,11.84156,2022-08-10 18:40:07.104000000
28.77786,11.75052,2022-08-10 18:40:07.104000000
28.81429,11.67085,2022-08-10 19:32:34.656000000
28.85072,11.56843,2022-08-10 20:25:02.208000000
28.85072,11.47738,2022-08-10 20:25:02.208000000
28.85072,11.38633,2022-08-10 20:25:02.208000000
28.85072,11.29529,2022-08-10 20:25:02.208000000
28.85072,11.20424,2022-08-10 20:25:02.208000000
28.85072,11.1132,2022-08-10 20:25:02.208000000
28.85072,11.02215,2022-08-10 20:25:02.208000000
28.85072,10.9311,2022-08-10 20:25:02.208000000
28.85072,10.84006,2022-08-10 20:25:02.208000000
28.88715,10.76039,2022-08-10 21:17:29.760000000
28.92358,10.65797,2022-08-10 22:09:57.312000000
28.92358,10.56692,2022-08-10 22:09:57.312000000
28.92358,10.47587,2022-08-10 22:09:57.312000000
28.92358,10.38483,2022-08-10 22:09:57.312000000
28.96002,10.27102,2022-08-10 23:02:25.728000000
28.99645,10.15721,2022-08-10 23:54:53.280000000
28.99645,10.06617,2022-08-10 23:54:53.280000000
28.99645,9.97512,2022-08-10 23:54:53.280000000
28.99645,9.88407,2022-08-10 23:54:53.280000000
28.99645,9.79303,2022-08-10 23:54:53.280000000
28.99645,9.70198,2022-08-10 23:54:53.280000000
28.99645,9.61094,2022-08-10 23:54:53.280000000
28.99645,9.51989,2022-08-10 23:54:53.280000000
28.99645,9.42884,2022-08-10 23:54:53.280000000
29.03288,9.31504,2022-08-11 00:47:20.832000000
29.06931,9.20123,2022-08-11 01:39:48.384000000
29.06931,9.11018,2022-08-11 01:39:48.384000000
29.06931,9.01914,2022-08-11 01:39:48.384000000
29.06931,8.92809,2022-08-11 01:39:48.384000000
29.06931,8.83705,2022-08-11 01:39:48.384000000
29.06931,8.746,2022-08-11 01:39:48.384000000
29.06931,8.65495,2022-08-11 01:39:48.384000000
29.06931,8.56391,2022-08-11 01:39:48.384000000
29.06931,8.47286,2022-08-11 01:39:48.384000000
29.10574,8.3932,2022-08-11 02:32:15.936000000
29.14217,8.29077,2022-08-11 03:24:43.488000000
29.14217,8.19972,2022-08-11 03:24:43.488000000
29.14217,8.10868,2022-08-11 03:24:43.488000000
29.14217,8.01763,2022-08-11 03:24:43.488000000
29.14217,7.92659,2022-08-11 03:24:43.488000000
29.14217,7.83554,2022-08-11 03:24:43.488000000
29.14217,7.74449,2022-08-11 03:24:43.488000000
29.14217,7.65345,2022-08-11 03:24:43.488000000
29.1786,7.57378,2022-08-11 04:17:11.040000000
29.2636,7.47136,2022-08-11 06:19:35.040000000
29.25146,7.35755,2022-08-11 06:02:06.144000000
29.25146,7.27788,2022-08-11 06:02:06.144000000
29.32432,7.63069,2022-08-11 07:47:01.248000000
29.39718,8.84843,2022-08-11 09:31:56.352000000
29.36075,8.746,2022-08-11 08:39:28.800000000
29.36075,8.65495,2022-08-11 08:39:28.800000000
29.36075,8.56391,2022-08-11 08:39:28.800000000
29.36075,8.47286,2022-08-11 08:39:28.800000000
29.36075,8.38182,2022-08-11 08:39:28.800000000
29.36075,8.29077,2022-08-11 08:39:28.800000000
29.36075,8.19972,2022-08-11 08:39:28.800000000
29.36075,8.10868,2022-08-11 08:39:28.800000000
29.36075,8.01763,2022-08-11 08:39:28.800000000
29.36075,7.92659,2022-08-11 08:39:28.800000000
29.36075,7.83554,2022-08-11 08:39:28.800000000
29.36075,7.74449,2022-08-11 08:39:28.800000000
29.61576,11.44324,2022-08-11 14:46:41.664000000
29.57933,11.34081,2022-08-11 13:54:14.112000000
29.57933,11.24976,2022-08-11 13:54:14.112000000
29.57933,11.15872,2022-08-11 13:54:14.112000000
29.68862,11.88709,2022-08-11 16:31:36.768000000
29.68862,11.79604,2022-08-11 16:31:36.768000000
29.68862,11.70499,2022-08-11 16:31:36.768000000
29.68862,11.62533,2022-08-11 16:31:36.768000000
29.65219,11.5229,2022-08-11 15:39:09.216000000
29.79792,11.61395,2022-08-11 19:09:00.288000000
29.79792,11.5229,2022-08-11 19:09:00.288000000
29.79792,11.43186,2022-08-11 19:09:00.288000000
29.83435,11.31805,2022-08-11 20:01:27.840000000
29.87078,11.20424,2022-08-11 20:53:55.392000000
29.87078,11.1132,2022-08-11 20:53:55.392000000
29.87078,11.02215,2022-08-11 20:53:55.392000000
29.87078,10.9311,2022-08-11 20:53:55.392000000
29.87078,10.84006,2022-08-11 20:53:55.392000000
29.87078,10.74901,2022-08-11 20:53:55.392000000
29.87078,10.65797,2022-08-11 20:53:55.392000000
29.87078,10.56692,2022-08-11 20:53:55.392000000
29.87078,10.47587,2022-08-11 20:53:55.392000000
29.90721,10.36207,2022-08-11 21:46:22.944000000
29.94364,10.24826,2022-08-11 22:38:50.496000000
29.94364,10.15721,2022-08-11 22:38:50.496000000
29.94364,10.06617,2022-08-11 22:38:50.496000000
29.94364,9.97512,2022-08-11 22:38:50.496000000
29.94364,9.88407,2022-08-11 22:38:50.496000000
29.94364,9.79303,2022-08-11 22:38:50.496000000
29.94364,9.70198,2022-08-11 22:38:50.496000000
29.94364,9.61094,2022-08-11 22:38:50.496000000
29.94364,9.51989,2022-08-11 22:38:50.496000000
29.94364,9.42884,2022-08-11 22:38:50.496000000
29.98007,9.34918,2022-08-11 23:31:18.048000000
30.0165,9.24675,2022-08-12 00:23:45.600000000
30.0165,9.15571,2022-08-12 00:23:45.600000000
30.0165,9.06466,2022-08-12 00:23:45.600000000
30.0165,8.97361,2022-08-12 00:23:45.600000000
30.0165,8.88257,2022-08-12 00:23:45.600000000
30.0165,8.79152,2022-08-12 00:23:45.600000000
30.0165,8.70048,2022-08-12 00:23:45.600000000
30.0165,8.60943,2022-08-12 00:23:45.600000000
30.0165,8.51838,2022-08-12 00:23:45.600000000
30.05293,8.43872,2022-08-12 01:16:13.152000000
30.08936,8.33629,2022-08-12 02:08:40.704000000
30.08936,8.24525,2022-08-12 02:08:40.704000000
30.08936,8.1542,2022-08-12 02:08:40.704000000
30.08936,8.06315,2022-08-12 02:08:40.704000000
30.12579,7.94935,2022-08-12 03:01:08.256000000
30.16222,7.83554,2022-08-12 03:53:35.808000000
30.16222,7.74449,2022-08-12 03:53:35.808000000
30.16222,7.65345,2022-08-12 03:53:35.808000000
30.16222,7.5624,2022-08-12 03:53:35.808000000
30.16222,7.47136,2022-08-12 03:53:35.808000000
30.16222,7.38031,2022-08-12 03:53:35.808000000
30.16222,7.28926,2022-08-12 03:53:35.808000000
30.16222,7.19822,2022-08-12 03:53:35.808000000
30.19865,7.08441,2022-08-12 04:46:03.360000000
30.28365,6.9706,2022-08-12 06:48:27.360000000
30.27151,6.85679,2022-08-12 06:30:58.463999999
30.27151,6.77713,2022-08-12 06:30:58.463999999
30.23508,6.72023,2022-08-12 05:38:30.912000000
30.34437,7.76725,2022-08-12 08:15:53.568000000
30.30794,7.65345,2022-08-12 07:23:26.016000000
30.30794,7.5624,2022-08-12 07:23:26.016000000
30.30794,7.47136,2022-08-12 07:23:26.016000000
30.30794,7.38031,2022-08-12 07:23:26.016000000
30.30794,7.28926,2022-08-12 07:23:26.016000000
30.30794,7.19822,2022-08-12 07:23:26.016000000
30.30794,7.10717,2022-08-12 07:23:26.016000000
30.41723,8.43872,2022-08-12 10:00:48.672000000
30.3808,8.33629,2022-08-12 09:08:21.120000000
30.3808,8.24525,2022-08-12 09:08:21.120000000
30.3808,8.1542,2022-08-12 09:08:21.120000000
30.3808,8.06315,2022-08-12 09:08:21.120000000
30.3808,7.97211,2022-08-12 09:08:21.120000000
30.3808,7.88106,2022-08-12 09:08:21.120000000
30.49009,9.54265,2022-08-12 11:45:43.776000000
30.45366,9.42884,2022-08-12 10:53:16.224000000
30.45366,9.3378,2022-08-12 10:53:16.224000000
30.45366,9.24675,2022-08-12 10:53:16.224000000
30.45366,9.15571,2022-08-12 10:53:16.224000000
30.45366,9.06466,2022-08-12 10:53:16.224000000
30.45366,8.97361,2022-08-12 10:53:16.224000000
30.45366,8.88257,2022-08-12 10:53:16.224000000
30.45366,8.79152,2022-08-12 10:53:16.224000000
30.45366,8.70048,2022-08-12 10:53:16.224000000
30.45366,8.60943,2022-08-12 10:53:16.224000000
30.45366,8.51838,2022-08-12 10:53:16.224000000
30.56295,10.40759,2022-08-12 13:30:38.879999999
30.52652,10.29378,2022-08-12 12:38:11.328000000
30.52652,10.20274,2022-08-12 12:38:11.328000000
30.52652,10.11169,2022-08-12 12:38:11.328000000
30.52652,10.02064,2022-08-12 12:38:11.328000000
30.52652,9.9296,2022-08-12 12:38:11.328000000
30.52652,9.83855,2022-08-12 12:38:11.328000000
30.52652,9.74751,2022-08-12 12:38:11.328000000
30.52652,9.65646,2022-08-12 12:38:11.328000000
30.63581,10.99939,2022-08-12 15:15:33.984000000
30.59938,10.88558,2022-08-12 14:23:06.432000000
30.59938,10.79453,2022-08-12 14:23:06.432000000
30.59938,10.70349,2022-08-12 14:23:06.432000000
30.59938,10.61244,2022-08-12 14:23:06.432000000
30.59938,10.5214,2022-08-12 14:23:06.432000000
30.70868,11.12458,2022-08-12 17:00:29.952000000
